{
  "benedito bentes, maceió, alagoas, brasil": [
    -9.5561682,
    -35.7237673
  ],
  "cidade universitária, maceió, alagoas, brasil": [
    -9.5474019,
    -35.7653816
  ],
  "jacintinho, maceió, alagoas, brasil": [
    -9.6395847,
    -35.7177349
  ],
  "tabuleiro do martins, maceió, alagoas, brasil": [
    -9.5943923,
    -35.7509295
  ],
  "clima bom, maceió, alagoas, brasil": [
    -9.5744116,
    -35.7852824
  ],
  "vergel do lago, maceió, alagoas, brasil": [
    -9.6549289,
    -35.7578074
  ],
  "levada, maceió, alagoas, brasil": [
    -9.6592319,
    -35.7454189
  ],
  "feitosa, maceió, alagoas, brasil": [
    -9.6284871,
    -35.721956
  ],
  "santos dumont, maceió, alagoas, brasil": [
    -9.5567283,
    -35.7884923
  ],
  "trapiche da barra, maceió, alagoas, brasil": [
    -9.6716977,
    -35.7592837
  ],
  "santa lúcia, maceió, alagoas, brasil": [
    -9.5813609,
    -35.7535285
  ],
  "chã da jaqueira, maceió, alagoas, brasil": [
    -9.6160875,
    -35.7484338
  ],
  "ponta grossa, maceió, alagoas, brasil": [
    -9.6616365,
    -35.7544695
  ],
  "poço, maceió, alagoas, brasil": [
    -9.6629654,
    -35.723402
  ],
  "centro, maceió, alagoas, brasil": [
    -9.6664457,
    -35.7371385
  ],
  "antares, maceió, alagoas, brasil": [
    -9.5794626,
    -35.7362542
  ],
  "ipioca, maceió, alagoas, brasil": [
    -9.5102735,
    -35.5947164
  ],
  "farol, maceió, alagoas, brasil": [
    -9.6499931,
    -35.7347635
  ],
  "petrópolis, maceió, alagoas, brasil": [
    -9.605307,
    -35.7574033
  ],
  "bebedouro, maceió, alagoas, brasil": [
    -9.6251394,
    -35.7525875
  ],
  "prado, maceió, alagoas, brasil": [
    -9.6694197,
    -35.7490135
  ],
  "jatiúca, maceió, alagoas, brasil": [
    -9.6503095,
    -35.7060709
  ],
  "riacho doce, maceió, alagoas, brasil": [
    -9.5584921,
    -35.6469817
  ],
  "chã de bebedouro, maceió, alagoas, brasil": [
    -9.6195126,
    -35.7572043
  ],
  "barro duro, maceió, alagoas, brasil": [
    -9.6189777,
    -35.7192917
  ],
  "são jorge, maceió, alagoas, brasil": [
    -9.6178778,
    -35.7058252
  ],
  "bom parto, maceió, alagoas, brasil": [
    -9.6518915,
    -35.743108
  ],
  "rio novo, maceió, alagoas, brasil": [
    -9.5797789,
    -35.8032391
  ],
  "serraria, maceió, alagoas, brasil": [
    -9.6024662,
    -35.721639
  ],
  "pajuçara, maceió, alagoas, brasil": [
    -9.667561,
    -35.7181859
  ],
  "santa amélia, maceió, alagoas, brasil": [
    -9.5885348,
    -35.7752337
  ],
  "cruz das almas, maceió, alagoas, brasil": [
    -9.6335312,
    -35.6996166
  ],
  "fernão velho, maceió, alagoas, brasil": [
    -9.5902515,
    -35.7848113
  ],
  "pontal da barra, maceió, alagoas, brasil": [
    -9.6937793,
    -35.7750969
  ],
  "ouro preto, maceió, alagoas, brasil": [
    -9.604452,
    -35.7306858
  ],
  "jacarecica, maceió, alagoas, brasil": [
    -9.6178488,
    -35.6931586
  ],
  "pinheiro, maceió, alagoas, brasil": [
    -9.6321474,
    -35.7419526
  ],
  "guaxuma, maceió, alagoas, brasil": [
    -9.5944229,
    -35.6764744
  ],
  "jaraguá, maceió, alagoas, brasil": [
    -9.6702423,
    -35.7238513
  ],
  "gruta de lourdes, maceió, alagoas, brasil": [
    -9.6208518,
    -35.7342209
  ],
  "pitanguinha, maceió, alagoas, brasil": [
    -9.6372814,
    -35.7325694
  ],
  "canaã, maceió, alagoas, brasil": [
    -9.6047767,
    -35.7389067
  ],
  "mutange, maceió, alagoas, brasil": [
    -9.6386023,
    -35.7472803
  ],
  "ponta da terra, maceió, alagoas, brasil": [
    -9.6639778,
    -35.7151858
  ],
  "jardim petrópolis, maceió, alagoas, brasil": [
    -9.5980076,
    -35.7425776
  ],
  "mangabeiras, maceió, alagoas, brasil": [
    -9.6470188,
    -35.7147364
  ],
  "pescaria, maceió, alagoas, brasil": [
    -9.5472179,
    -35.6247223
  ],
  "ponta verde, maceió, alagoas, brasil": [
    -9.6604975,
    -35.7034391
  ],
  "garça torta, maceió, alagoas, brasil": [
    -9.5834105,
    -35.6638105
  ],
  "santo amaro, maceió, alagoas, brasil": [
    -9.608248,
    -35.742415
  ],
  "zona rural, maceió, alagoas, brasil": [
    null,
    null
  ],
  "zona rural, maceio": [
    null,
    null
  ],
  "bairro não informado, maceió, alagoas, brasil": [
    null,
    null
  ],
  "bairro não informado, maceio": [
    null,
    null
  ],
  "primavera, arapiraca, alagoas, brasil": [
    -9.7643923,
    -36.6597569
  ],
  "olho d água dos cazuzinhos, arapiraca, alagoas, brasil": [
    null,
    null
  ],
  "olho d água dos cazuzinhos, arapiraca": [
    null,
    null
  ],
  "manoel teles, arapiraca, alagoas, brasil": [
    -9.7552779,
    -36.6685438
  ],
  "canafístula, arapiraca, alagoas, brasil": [
    -9.7617449,
    -36.6313661
  ],
  "planalto, arapiraca, alagoas, brasil": [
    -9.723661,
    -36.6645742
  ],
  "centro, arapiraca, alagoas, brasil": [
    -9.7521269,
    -36.6616988
  ],
  "brasília, arapiraca, alagoas, brasil": [
    -9.7533429,
    -36.6472793
  ],
  "bom sucesso, arapiraca, alagoas, brasil": [
    -9.7136457,
    -36.6912037
  ],
  "zona rural leste, arapiraca, alagoas, brasil": [
    null,
    null
  ],
  "zona rural leste, arapiraca": [
    null,
    null
  ],
  "cacimbas, arapiraca, alagoas, brasil": [
    -9.7609136,
    -36.6643167
  ],
  "zona rural oeste, arapiraca, alagoas, brasil": [
    null,
    null
  ],
  "zona rural oeste, arapiraca": [
    null,
    null
  ],
  "zélia barbosa rocha, arapiraca, alagoas, brasil": [
    -9.7486107,
    -36.6843569
  ],
  "alto do cruzeiro, arapiraca, alagoas, brasil": [
    -9.7478551,
    -36.6546822
  ],
  "senador nilo coelho, arapiraca, alagoas, brasil": [
    -9.7303027,
    -36.6955922
  ],
  "baixão, arapiraca, alagoas, brasil": [
    -9.7493143,
    -36.6697455
  ],
  "vila bananeira, arapiraca, alagoas, brasil": [
    null,
    null
  ],
  "vila bananeira, arapiraca": [
    null,
    null
  ],
  "ouro preto, arapiraca, alagoas, brasil": [
    -9.7598193,
    -36.6543871
  ],
  "jardim esperança, arapiraca, alagoas, brasil": [
    -9.7251161,
    -36.6835889
  ],
  "boa vista, arapiraca, alagoas, brasil": [
    -9.7787041,
    -36.6354595
  ],
  "sítio cangandu, arapiraca, alagoas, brasil": [
    null,
    null
  ],
  "sítio cangandu, arapiraca": [
    null,
    null
  ],
  "caititus, arapiraca, alagoas, brasil": [
    -9.7387931,
    -36.6566777
  ],
  "itapoã, arapiraca, alagoas, brasil": [
    -9.7478445,
    -36.6389966
  ],
  "cavaco, arapiraca, alagoas, brasil": [
    -9.7391949,
    -36.6752172
  ],
  "verdes campos, arapiraca, alagoas, brasil": [
    -9.7796543,
    -36.6483947
  ],
  "massaranduba, arapiraca, alagoas, brasil": [
    -9.7087505,
    -36.6630971
  ],
  "senador arnon de melo, arapiraca, alagoas, brasil": [
    -9.7340811,
    -36.6389097
  ],
  "jardim tropical, arapiraca, alagoas, brasil": [
    null,
    null
  ],
  "jardim tropical, arapiraca": [
    null,
    null
  ],
  "brasiliana, arapiraca, alagoas, brasil": [
    -9.7333262,
    -36.6648209
  ],
  "nova esperança, arapiraca, alagoas, brasil": [
    -9.6428691,
    -36.6826596
  ],
  "povoado canaã, arapiraca, alagoas, brasil": [
    null,
    null
  ],
  "povoado canaã, arapiraca": [
    null,
    null
  ],
  "batingas, arapiraca, alagoas, brasil": [
    null,
    null
  ],
  "batingas, arapiraca": [
    null,
    null
  ],
  "joão paulo ii, arapiraca, alagoas, brasil": [
    -9.7718596,
    -36.6663908
  ],
  "povoado capim, arapiraca, alagoas, brasil": [
    null,
    null
  ],
  "povoado capim, arapiraca": [
    null,
    null
  ],
  "sítio pau d arco, arapiraca, alagoas, brasil": [
    null,
    null
  ],
  "sítio pau d arco, arapiraca": [
    null,
    null
  ],
  "baixa grande, arapiraca, alagoas, brasil": [
    -9.7336276,
    -36.6727817
  ],
  "senador teotônio vilela, arapiraca, alagoas, brasil": [
    -9.7439427,
    -36.6587055
  ],
  "vila são josé, arapiraca, alagoas, brasil": [
    null,
    null
  ],
  "vila são josé, arapiraca": [
    null,
    null
  ],